k,MSE,R2
1,3.0814879110195774e-33,0.0
2,3.0814879110195774e-33,0.0
3,3.0814879110195774e-33,0.0
